<?xml version="1.0" encoding="UTF-8" standalone="yes"?>
<addon id="repository.hercules" name="Hercules Repo" version="1.0" provider-name="herculestvplus">
    <extension point="xbmc.addon.repository" name="Hercules Repo">
        <dir>
            <info compressed="false">https://raw.githubusercontent.com/herculestvplus/repository.hercules/master/repo/zips/addons.xml</info>
            <checksum>https://raw.githubusercontent.com/herculestvplus/repository.hercules/master/repo/zips/addons.xml.md5</checksum>
            <datadir zip="true">https://raw.githubusercontent.com/herculestvplus/repository.hercules/master/repo/zips/</datadir>
        </dir>
    </extension>
    <extension point="xbmc.addon.metadata">
        <summary>Hercules Repo</summary>
        <description>Hercules Repo Addons</description>
        <disclaimer></disclaimer>
        <platform>all</platform>
        <assets>
            <icon>icon.png</icon>
            <fanart>fanart.jpg</fanart>
        </assets>
    </extension>
</addon>